Material ID	Material Name	Category	Source Enemy ID	Source Enemy Name	Drop Rate (%)	First Clear Only
1	スライムの粘液	通常素材	1	スライム	0.00	0
2	野うさぎの毛皮	通常素材	2	野うさぎ	0.00	0
3	草原コウモリの翼膜	通常素材	3	草原コウモリ	0.00	0
4	見習い盗賊の徽章	レア素材	4	見習い盗賊	0.00	0
5	草むらウルフの毛皮	準レア素材	5	草むらウルフ	0.00	0
6	草原の大スライムの刻印	討伐証素材	6	草原の大スライム	0.00	0
7	ゴブリンの牙	通常素材	7	ゴブリン	0.00	0
8	ゴブリン弓兵の牙	通常素材	8	ゴブリン弓兵	0.00	0
9	森スライムの粘液	通常素材	9	森スライム	0.00	0
10	小鬼シャーマンの牙	レア素材	10	小鬼シャーマン	0.00	0
11	ゴブリン隊長の牙	準レア素材	11	ゴブリン隊長	0.00	0
12	小鬼の森の親分の刻印	討伐証素材	12	小鬼の森の親分	0.00	0
13	古洞コウモリの翼膜	通常素材	13	古洞コウモリ	0.00	0
14	古洞ワームの外殻	通常素材	14	古洞ワーム	0.00	0
15	スケルトン見習いの古骨	通常素材	15	スケルトン見習い	0.00	0
16	石かじりネズミの鉱片	レア素材	16	石かじりネズミ	0.00	0
17	洞窟トロルの欠片	準レア素材	17	洞窟トロル	0.00	0
18	洞窟の番人スカルナイトの刻印	討伐証素材	18	洞窟の番人スカルナイト	0.00	0
19	丘ウルフの毛皮	通常素材	19	丘ウルフ	0.00	0
20	銀毛ウルフの毛皮	通常素材	20	銀毛ウルフ	0.00	0
21	ハーピーの欠片	通常素材	21	ハーピー	0.00	0
22	ならず者斥候の欠片	レア素材	22	ならず者斥候	0.00	0
23	群れの長の欠片	準レア素材	23	群れの長	0.00	0
24	銀狼ガルムの刻印	討伐証素材	24	銀狼ガルム	0.00	0
25	ゾンビの腐布	通常素材	25	ゾンビ	0.00	0
26	スケルトンの古骨	通常素材	26	スケルトン	0.00	0
27	墓守の亡霊の腐布	通常素材	27	墓守の亡霊	0.00	0
28	呪いガラスの黒結晶	レア素材	28	呪いガラス	0.00	0
29	墓地の騎士の徽章	準レア素材	29	墓地の騎士	0.00	0
30	墓守リッチの刻印	討伐証素材	30	墓守リッチ	0.00	0
31	泉スライムの粘液	通常素材	31	泉スライム	0.00	0
32	妖精粉	通常素材	32	泉のフェアリー	0.00	0
33	水精の子の水晶	通常素材	33	水精の子	0.00	0
34	いたずらピクシーの水晶	レア素材	34	いたずらピクシー	0.00	0
35	泉の番人の水晶	準レア素材	35	泉の番人	0.00	0
36	泉の妖精王ニンフィアの刻印	討伐証素材	36	泉の妖精王ニンフィア	0.00	0
37	訓練兵の徽章	通常素材	37	訓練兵	0.00	0
38	見習い剣士の徽章	通常素材	38	見習い剣士	0.00	0
39	見習い魔術師の魔核	通常素材	39	見習い魔術師	0.00	0
40	教官の影の徽章	レア素材	40	教官の影	0.00	0
41	ゴブリンキングの牙	通常素材	41	ゴブリンキング	0.00	0
42	訓練教官バルドの王印	討伐証素材	42	訓練教官バルド	0.00	0
43	シーラットの水晶	通常素材	43	シーラット	0.00	0
44	浜辺クラブの水晶	通常素材	44	浜辺クラブ	0.00	0
45	潮風スライムの粘液	通常素材	45	潮風スライム	0.00	0
46	海鳥ハンターの水晶	レア素材	46	海鳥ハンター	0.00	0
47	リーフリザードの水晶	準レア素材	47	リーフリザード	0.00	0
48	潮騒の大ガニの刻印	討伐証素材	48	潮騒の大ガニ	0.00	0
51	海蝕ゴーレムの鉱片	通常素材	51	海蝕ゴーレム	0.00	0
52	海蝕トカゲの欠片	レア素材	52	海蝕トカゲ	0.00	0
53	海蝕洞窟主の欠片	準レア素材	53	海蝕洞窟主	0.00	0
54	海蝕甲殻獣シェルバイトの刻印	討伐証素材	54	海蝕甲殻獣シェルバイト	0.00	0
55	亡霊船員の欠片	通常素材	55	亡霊船員	0.00	0
56	沈没船スライムの粘液	通常素材	56	沈没船スライム	0.00	0
57	錆びた甲板兵の徽章	通常素材	57	錆びた甲板兵	0.00	0
58	海賊ゴーストの徽章	レア素材	58	海賊ゴースト	0.00	0
59	船底クラーケンの欠片	準レア素材	59	船底クラーケン	0.00	0
60	幽霊船長バルボスの刻印	討伐証素材	60	幽霊船長バルボス	0.00	0
61	マーメイドの水晶	通常素材	61	マーメイド	0.00	0
62	泡の精霊の妖精粉	通常素材	62	泡の精霊	0.00	0
63	シーサーペント幼体の水晶	通常素材	63	シーサーペント幼体	0.00	0
64	歌う貝の水晶	レア素材	64	歌う貝	0.00	0
65	入り江の守護者の水晶	準レア素材	65	入り江の守護者	0.00	0
66	人魚姫セイレーンの刻印	討伐証素材	66	人魚姫セイレーン	0.00	0
67	海賊下っ端の徽章	通常素材	67	海賊下っ端	0.00	0
68	海賊射手の徽章	通常素材	68	海賊射手	0.00	0
69	荒くれ航海士の水晶	通常素材	69	荒くれ航海士	0.00	0
70	爆弾使いの欠片	レア素材	70	爆弾使い	0.00	0
71	海賊王の副官の徽章	準レア素材	71	海賊王の副官	0.00	0
72	海賊頭ドレイクの刻印	討伐証素材	72	海賊頭ドレイク	0.00	0
73	珊瑚スライムの粘液	通常素材	73	珊瑚スライム	0.00	0
74	リーフガーディアンの欠片	通常素材	74	リーフガーディアン	0.00	0
75	迷宮クラブの欠片	通常素材	75	迷宮クラブ	0.00	0
76	毒イソギンチャクの欠片	レア素材	76	毒イソギンチャク	0.00	0
77	珊瑚の魔獣の魔核	準レア素材	77	珊瑚の魔獣	0.00	0
78	珊瑚の迷宮主コーラルゴーレムの刻印	討伐証素材	78	珊瑚の迷宮主コーラルゴーレム	0.00	0
79	深海神殿兵の徽章	通常素材	79	深海神殿兵	0.00	0
80	深海封印守の聖片	通常素材	80	深海封印守	0.00	0
81	深海祭壇スライムの粘液	通常素材	81	深海祭壇スライム	0.00	0
82	深海司祭の聖片	レア素材	82	深海司祭	0.00	0
83	深海神殿主の聖片	通常素材	83	深海神殿主	0.00	0
84	深海神官ネレウスの王印	討伐証素材	84	深海神官ネレウス	0.00	0
85	若葉ウルフの毛皮	通常素材	85	若葉ウルフ	0.00	0
86	若葉ツリースピリットの自然片	通常素材	86	若葉ツリースピリット	0.00	0
88	若葉毒キノコの自然片	レア素材	88	若葉毒キノコ	0.00	0
89	若葉守護獣の自然片	準レア素材	89	若葉守護獣	0.00	0
90	若葉の守護獣フォレストボアの刻印	討伐証素材	90	若葉の守護獣フォレストボア	0.00	0
96	妖精女王リリアの刻印	討伐証素材	96	妖精女王リリア	0.00	0
97	ルートワームの外殻	通常素材	97	ルートワーム	0.00	0
98	絡み草の水晶	通常素材	98	絡み草	0.00	0
99	樹海ゴーレムの鉱片	通常素材	99	樹海ゴーレム	0.00	0
100	毒花の水晶	レア素材	100	毒花	0.00	0
101	根の番人の水晶	準レア素材	101	根の番人	0.00	0
102	世界樹の根喰いワームの刻印	討伐証素材	102	世界樹の根喰いワーム	0.00	0
103	中層世界樹精の自然片	通常素材	103	中層世界樹精	0.00	0
104	風妖精粉	通常素材	104	中層風妖精	0.00	0
105	中層ハーピーの自然片	通常素材	105	中層ハーピー	0.00	0
106	中層葉隠れ弓兵の徽章	レア素材	106	中層葉隠れ弓兵	0.00	0
107	中層枝守護者の自然片	準レア素材	107	中層枝守護者	0.00	0
108	樹霊エルドランの刻印	討伐証素材	108	樹霊エルドラン	0.00	0
114	天空鳥シルフィードの刻印	討伐証素材	114	天空鳥シルフィード	0.00	0
120	精霊神殿の番人アルヴァンの刻印	討伐証素材	120	精霊神殿の番人アルヴァン	0.00	0
121	月光ピクシーの聖片	通常素材	121	月光ピクシー	0.00	0
122	月光庭園騎士の徽章	通常素材	122	月光庭園騎士	0.00	0
123	月光光蝶の聖片	通常素材	123	月光光蝶	0.00	0
124	月光星草スライムの粘液	レア素材	124	月光星草スライム	0.00	0
125	月光庭園番人の欠片	通常素材	125	月光庭園番人	0.00	0
126	月光鹿アルテミスの王印	討伐証素材	126	月光鹿アルテミス	0.00	0
127	鉱山ネズミの鉱片	通常素材	127	鉱山ネズミ	0.00	0
128	鉄殻虫の外殻	通常素材	128	鉄殻虫	0.00	0
129	鉱夫ゴーストの鉱片	通常素材	129	鉱夫ゴースト	0.00	0
131	鉱山トロルの鉱片	準レア素材	131	鉱山トロル	0.00	0
132	鉄鉱巨人アイアンゴーレムの刻印	討伐証素材	132	鉄鉱巨人アイアンゴーレム	0.00	0
133	闇コウモリの翼膜	通常素材	133	闇コウモリ	0.00	0
134	廃坑スケルトンの古骨	通常素材	134	廃坑スケルトン	0.00	0
135	火薬ネズミの火種	通常素材	135	火薬ネズミ	0.00	0
136	穴掘りモールの欠片	レア素材	136	穴掘りモール	0.00	0
137	廃坑の主の欠片	準レア素材	137	廃坑の主	0.00	0
138	廃坑の黒ドワーフの刻印	討伐証素材	138	廃坑の黒ドワーフ	0.00	0
139	火の精の火種	通常素材	139	火の精	0.00	0
140	溶鉄スライムの粘液	通常素材	140	溶鉄スライム	0.00	0
141	炉跡ゴーレムの鉱片	通常素材	141	炉跡ゴーレム	0.00	0
142	炎トカゲの火種	レア素材	142	炎トカゲ	0.00	0
143	溶鉱の番人の鉱片	準レア素材	143	溶鉱の番人	0.00	0
144	溶鉱炉の炎獣ブレイズマンティスの刻印	討伐証素材	144	溶鉱炉の炎獣ブレイズマンティス	0.00	0
145	蒸気兵の徽章	通常素材	145	蒸気兵	0.00	0
146	蒸気ネズミの歯車	通常素材	146	蒸気ネズミ	0.00	0
147	蒸気ゴーレムの鉱片	通常素材	147	蒸気ゴーレム	0.00	0
148	蒸気歯車スライムの粘液	レア素材	148	蒸気歯車スライム	0.00	0
149	蒸気工場長の鉱片	準レア素材	149	蒸気工場長	0.00	0
150	蒸気機関兵スチームナイトの刻印	討伐証素材	150	蒸気機関兵スチームナイト	0.00	0
156	機械兵隊長ギアコマンダーの刻印	討伐証素材	156	機械兵隊長ギアコマンダー	0.00	0
157	地底雷球の雷石	通常素材	157	地底雷球	0.00	0
158	地底発電スライムの粘液	通常素材	158	地底発電スライム	0.00	0
159	地底電磁兵の徽章	通常素材	159	地底電磁兵	0.00	0
160	地底技師の亡霊の欠片	レア素材	160	地底技師の亡霊	0.00	0
161	地底守護機の雷石	準レア素材	161	地底守護機	0.00	0
162	雷動コア・ヴォルトの刻印	討伐証素材	162	雷動コア・ヴォルト	0.00	0
163	古代機兵の徽章	通常素材	163	古代機兵	0.00	0
164	重装機兵の徽章	通常素材	164	重装機兵	0.00	0
165	魔導砲台の魔核	通常素材	165	魔導砲台	0.00	0
166	鉄巨人試作型の鉱片	レア素材	166	鉄巨人試作型	0.00	0
167	鋼鉄巨人の鉱片	通常素材	167	鋼鉄巨人	0.00	0
168	古代兵器オメガの王印	討伐証素材	168	古代兵器オメガ	0.00	0
169	雪スライムの粘液	通常素材	169	雪スライム	0.00	0
170	白狼の毛皮	通常素材	170	白狼	0.00	0
171	雪原ウサギの氷晶	通常素材	171	雪原ウサギ	0.00	0
172	氷コウモリの翼膜	レア素材	172	氷コウモリ	0.00	0
173	氷の番人の氷晶	準レア素材	173	氷の番人	0.00	0
174	雪原の白熊王の刻印	討伐証素材	174	雪原の白熊王	0.00	0
175	吹雪ハーピーの氷晶	通常素材	175	吹雪ハーピー	0.00	0
176	氷牙ウルフの毛皮	通常素材	176	氷牙ウルフ	0.00	0
177	谷の雪男の氷晶	通常素材	177	谷の雪男	0.00	0
178	凍結スライムの粘液	レア素材	178	凍結スライム	0.00	0
179	峡谷の主の欠片	準レア素材	179	峡谷の主	0.00	0
180	吹雪の魔狼ブリザードガルムの刻印	討伐証素材	180	吹雪の魔狼ブリザードガルム	0.00	0
186	氷結甲竜グレイシャルドンの刻印	討伐証素材	186	氷結甲竜グレイシャルドン	0.00	0
187	白銀ウルフの毛皮	通常素材	187	白銀ウルフ	0.00	0
188	雪樹の精の氷晶	通常素材	188	雪樹の精	0.00	0
189	氷キノコの氷晶	通常素材	189	氷キノコ	0.00	0
190	雪妖精の妖精粉	レア素材	190	雪妖精	0.00	0
191	白銀の守護獣の氷晶	準レア素材	191	白銀の守護獣	0.00	0
192	白銀の魔女スノウベルの刻印	討伐証素材	192	白銀の魔女スノウベル	0.00	0
198	凍神官グレイシアの刻印	討伐証素材	198	凍神官グレイシア	0.00	0
199	氷竜の幼体の竜鱗	通常素材	199	氷竜の幼体	0.00	0
200	竜牙兵の徽章	通常素材	200	竜牙兵	0.00	0
201	フロストリザードの氷晶	通常素材	201	フロストリザード	0.00	0
202	竜巣ゴーレムの竜鱗	レア素材	202	竜巣ゴーレム	0.00	0
203	氷竜の番人の竜鱗	準レア素材	203	氷竜の番人	0.00	0
204	氷竜フロストヴルムの刻印	討伐証素材	204	氷竜フロストヴルム	0.00	0
205	雪山ゴーレムの鉱片	通常素材	205	雪山ゴーレム	0.00	0
206	ブリザードイーグルの欠片	通常素材	206	ブリザードイーグル	0.00	0
207	氷巨人の氷晶	通常素材	207	氷巨人	0.00	0
208	山脈の白竜の竜鱗	レア素材	208	山脈の白竜	0.00	0
209	氷竜ヴェルガの竜鱗	通常素材	209	氷竜ヴェルガ	0.00	0
210	極寒巨人ヨトゥンの王印	討伐証素材	210	極寒巨人ヨトゥン	0.00	0
211	砂海スライムの粘液	通常素材	211	砂海スライム	0.00	0
212	砂海サソリの外殻	通常素材	212	砂海サソリ	0.00	0
213	砂海盗賊の徽章	通常素材	213	砂海盗賊	0.00	0
214	砂海ミイラの欠片	レア素材	214	砂海ミイラ	0.00	0
215	砂海魔獣の魔核	準レア素材	215	砂海魔獣	0.00	0
216	砂海の大サソリの刻印	討伐証素材	216	砂海の大サソリ	0.00	0
222	流砂の暗殺者サンドシェイドの刻印	討伐証素材	222	流砂の暗殺者サンドシェイド	0.00	0
224	砂遺跡スライムの粘液	通常素材	224	砂遺跡スライム	0.00	0
225	砂遺跡石像兵の徽章	通常素材	225	砂遺跡石像兵	0.00	0
226	砂遺跡呪文壁の黒結晶	レア素材	226	砂遺跡呪文壁	0.00	0
227	砂遺跡守護者の欠片	準レア素材	227	砂遺跡守護者	0.00	0
228	古代守護兵アヌビスの刻印	討伐証素材	228	古代守護兵アヌビス	0.00	0
229	王墓ミイラの黒結晶	通常素材	229	王墓ミイラ	0.00	0
230	王墓の亡霊の徽章	通常素材	230	王墓の亡霊	0.00	0
231	黄金スカラベの黒結晶	通常素材	231	黄金スカラベ	0.00	0
232	墓所の騎士の徽章	レア素材	232	墓所の騎士	0.00	0
233	王家の呪霊の徽章	準レア素材	233	王家の呪霊	0.00	0
234	王墓のファラオの刻印	討伐証素材	234	王墓のファラオ	0.00	0
240	砂嵐の魔人ザハークの刻印	討伐証素材	240	砂嵐の魔人ザハーク	0.00	0
241	水路スライムの粘液	通常素材	241	水路スライム	0.00	0
242	地下ワニの水晶	通常素材	242	地下ワニ	0.00	0
243	水路ゴーストの水晶	通常素材	243	水路ゴースト	0.00	0
244	古代配管兵の徽章	レア素材	244	古代配管兵	0.00	0
245	水路の主の水晶	準レア素材	245	水路の主	0.00	0
246	地下水路の水蛇ナーガの刻印	討伐証素材	246	地下水路の水蛇ナーガ	0.00	0
252	太陽神獣ラーガの王印	討伐証素材	252	太陽神獣ラーガ	0.00	0
253	魔導書の魔核	通常素材	253	魔導書	0.00	0
254	紙片スライムの粘液	通常素材	254	紙片スライム	0.00	0
255	司書ゴーストの欠片	通常素材	255	司書ゴースト	0.00	0
256	知識の悪魔の魔核	レア素材	256	知識の悪魔	0.00	0
257	図書館の番人の欠片	準レア素材	257	図書館の番人	0.00	0
258	禁書の魔導書グリモアの刻印	討伐証素材	258	禁書の魔導書グリモア	0.00	0
259	禁書の悪魔の魔核	通常素材	259	禁書の悪魔	0.00	0
260	呪文スライムの粘液	通常素材	260	呪文スライム	0.00	0
261	封印司書の欠片	通常素材	261	封印司書	0.00	0
262	黒インクの魔物の魔核	レア素材	262	黒インクの魔物	0.00	0
263	禁書の主の欠片	準レア素材	263	禁書の主	0.00	0
264	封印司書モルガンの刻印	討伐証素材	264	封印司書モルガン	0.00	0
265	ホムンクルスの欠片	通常素材	265	ホムンクルス	0.00	0
266	実験スライムの粘液	通常素材	266	実験スライム	0.00	0
267	暴走魔導兵の徽章	通常素材	267	暴走魔導兵	0.00	0
268	培養獣の欠片	レア素材	268	培養獣	0.00	0
269	研究所の怪物の欠片	準レア素材	269	研究所の怪物	0.00	0
270	人造魔獣ホムンクルスの刻印	討伐証素材	270	人造魔獣ホムンクルス	0.00	0
276	風庭のグリフォンの刻印	討伐証素材	276	風庭のグリフォン	0.00	0
277	星見星読みの亡霊の聖片	通常素材	277	星見星読みの亡霊	0.00	0
278	星見塔術師の魔核	通常素材	278	星見塔術師	0.00	0
279	星見星屑スライムの粘液	通常素材	279	星見星屑スライム	0.00	0
280	星見天文ゴーレムの鉱片	レア素材	280	星見天文ゴーレム	0.00	0
281	星見塔守護者の欠片	準レア素材	281	星見塔守護者	0.00	0
282	星見の占星術師ステラの刻印	討伐証素材	282	星見の占星術師ステラ	0.00	0
288	異界の観測者オブザーバーの刻印	討伐証素材	288	異界の観測者オブザーバー	0.00	0
289	次元次元スライムの粘液	通常素材	289	次元次元スライム	0.00	0
290	次元時空影の黒結晶	通常素材	290	次元時空影	0.00	0
291	次元迷い人の亡霊の欠片	通常素材	291	次元迷い人の亡霊	0.00	0
292	次元空間裂け目の欠片	レア素材	292	次元空間裂け目	0.00	0
293	次元回廊主の欠片	通常素材	293	次元回廊主	0.00	0
294	次元竜クロノスの王印	討伐証素材	294	次元竜クロノス	0.00	0
295	死霊兵の徽章	通常素材	295	死霊兵	0.00	0
296	黒骨犬の古骨	通常素材	296	黒骨犬	0.00	0
297	荒野ゾンビの腐布	通常素材	297	荒野ゾンビ	0.00	0
298	魂喰いの欠片	レア素材	298	魂喰い	0.00	0
299	死者の王の徽章	準レア素材	299	死者の王	0.00	0
300	死者の王ネクロロードの刻印	討伐証素材	300	死者の王ネクロロード	0.00	0
301	呪い騎士の徽章	通常素材	301	呪い騎士	0.00	0
302	吸血コウモリの翼膜	通常素材	302	吸血コウモリ	0.00	0
303	城の亡霊の欠片	通常素材	303	城の亡霊	0.00	0
304	黒鎧兵の徽章	レア素材	304	黒鎧兵	0.00	0
305	呪城の主の黒結晶	準レア素材	305	呪城の主	0.00	0
306	呪城伯爵ヴラドの刻印	討伐証素材	306	呪城伯爵ヴラド	0.00	0
307	冥界の番犬の魔核	通常素材	307	冥界の番犬	0.00	0
308	門番デーモンの魔核	通常素材	308	門番デーモン	0.00	0
309	魂の群れの欠片	通常素材	309	魂の群れ	0.00	0
310	闇スライムの粘液	レア素材	310	闇スライム	0.00	0
311	冥界門の守護者の魔核	準レア素材	311	冥界門の守護者	0.00	0
312	冥界門番ケルベロスの刻印	討伐証素材	312	冥界門番ケルベロス	0.00	0
318	悪魔司祭バフォメットの刻印	討伐証素材	318	悪魔司祭バフォメット	0.00	0
319	魔王軍兵の徽章	通常素材	319	魔王軍兵	0.00	0
320	魔王軍弓兵の徽章	通常素材	320	魔王軍弓兵	0.00	0
321	魔王軍魔術師の徽章	通常素材	321	魔王軍魔術師	0.00	0
322	黒騎士の徽章	レア素材	322	黒騎士	0.00	0
323	要塞司令の欠片	準レア素材	323	要塞司令	0.00	0
324	魔王軍将軍ガイゼルの刻印	討伐証素材	324	魔王軍将軍ガイゼル	0.00	0
325	瘴気スライムの粘液	通常素材	325	瘴気スライム	0.00	0
326	毒霧の悪魔の魔核	通常素材	326	毒霧の悪魔	0.00	0
327	谷の死霊の黒結晶	通常素材	327	谷の死霊	0.00	0
328	腐食ワームの外殻	レア素材	328	腐食ワーム	0.00	0
329	瘴気の主の欠片	準レア素材	329	瘴気の主	0.00	0
330	瘴気竜ナハシュの刻印	討伐証素材	330	瘴気竜ナハシュ	0.00	0
331	奈落の影の黒結晶	通常素材	331	奈落の影	0.00	0
332	深淵騎士の徽章	通常素材	332	深淵騎士	0.00	0
333	闇の司祭の黒結晶	通常素材	333	闇の司祭	0.00	0
334	階段の番人の欠片	レア素材	334	階段の番人	0.00	0
335	魔将軍アビスの徽章	通常素材	335	魔将軍アビス	0.00	0
336	奈落の黒騎士アビスの王印	討伐証素材	336	奈落の黒騎士アビス	0.00	0
337	雲スライムの粘液	通常素材	337	雲スライム	0.00	0
338	天空鳥の羽根	通常素材	338	天空鳥	0.00	0
339	風の精霊の妖精粉	通常素材	339	風の精霊	0.00	0
340	雲海の兵の徽章	レア素材	340	雲海の兵	0.00	0
341	天界の番人の羽根	準レア素材	341	天界の番人	0.00	0
342	雲海の天馬王ペガサスの刻印	討伐証素材	342	雲海の天馬王ペガサス	0.00	0
348	天空剣士セラフの刻印	討伐証素材	348	天空剣士セラフ	0.00	0
354	雷鳴獣トールガルの刻印	討伐証素材	354	雷鳴獣トールガル	0.00	0
360	古代天使兵長メタトロンの刻印	討伐証素材	360	古代天使兵長メタトロン	0.00	0
366	庭園の癒天使ラファエラの刻印	討伐証素材	366	庭園の癒天使ラファエラ	0.00	0
372	星辰竜アステリオスの刻印	討伐証素材	372	星辰竜アステリオス	0.00	0
373	神域神殿騎士の徽章	通常素材	373	神域神殿騎士	0.00	0
374	神域祭壇天使の羽根	通常素材	374	神域祭壇天使	0.00	0
375	神域星守護者の聖片	通常素材	375	神域星守護者	0.00	0
376	神域神官の聖片	レア素材	376	神域神官	0.00	0
377	雷神ヴォルトの雷石	通常素材	377	雷神ヴォルト	0.00	0
378	神々の代行者プロヴィデンスの王印	討伐証素材	378	神々の代行者プロヴィデンス	0.00	0
379	魔王軍歩兵の徽章	通常素材	379	魔王軍歩兵	0.00	0
380	黒炎スライムの粘液	通常素材	380	黒炎スライム	0.00	0
381	外郭ガーゴイルの欠片	通常素材	381	外郭ガーゴイル	0.00	0
382	魔城の番犬の魔核	レア素材	382	魔城の番犬	0.00	0
383	外郭隊長の欠片	準レア素材	383	外郭隊長	0.00	0
384	魔王領門番グラオザムの刻印	討伐証素材	384	魔王領門番グラオザム	0.00	0
390	絶望の幻影ディスペアの刻印	討伐証素材	390	絶望の幻影ディスペア	0.00	0
391	魔神兵の徽章	通常素材	391	魔神兵	0.00	0
392	黒騎士将の徽章	通常素材	392	黒騎士将	0.00	0
393	魔神の影の魔核	通常素材	393	魔神の影	0.00	0
394	深淵スライムの粘液	レア素材	394	深淵スライム	0.00	0
395	魔神の化身の魔核	準レア素材	395	魔神の化身	0.00	0
396	魔神バルゼアの刻印	討伐証素材	396	魔神バルゼア	0.00	0
397	囚われた亡霊の欠片	通常素材	397	囚われた亡霊	0.00	0
398	鉄格子ゴーレムの鉱片	通常素材	398	鉄格子ゴーレム	0.00	0
399	深淵ワームの外殻	通常素材	399	深淵ワーム	0.00	0
400	看守デーモンの魔核	レア素材	400	看守デーモン	0.00	0
401	牢獄の主の欠片	準レア素材	401	牢獄の主	0.00	0
402	深淵の獄卒タルタロスの刻印	討伐証素材	402	深淵の獄卒タルタロス	0.00	0
403	魔王近衛兵の徽章	通常素材	403	魔王近衛兵	0.00	0
404	黒玉座の騎士の徽章	通常素材	404	黒玉座の騎士	0.00	0
405	闇の大司祭の黒結晶	通常素材	405	闇の大司祭	0.00	0
406	魔王の影の徽章	レア素材	406	魔王の影	0.00	0
407	黒き玉座の主の黒結晶	準レア素材	407	黒き玉座の主	0.00	0
408	黒玉座の親衛隊長レオンハルトの刻印	討伐証素材	408	黒玉座の親衛隊長レオンハルト	0.00	0
409	魔導炉の魔物の魔核	通常素材	409	魔導炉の魔物	0.00	0
410	中枢守護機の欠片	通常素材	410	中枢守護機	0.00	0
411	黒炎竜の竜鱗	通常素材	411	黒炎竜	0.00	0
412	魔王軍精鋭の徽章	レア素材	412	魔王軍精鋭	0.00	0
413	中枢の守護者の欠片	準レア素材	413	中枢の守護者	0.00	0
414	魔王城の心臓コア・ヴァルゼリアの刻印	討伐証素材	414	魔王城の心臓コア・ヴァルゼリア	0.00	0
420	魔王ヴァルゼリアの神印	討伐証素材	420	魔王ヴァルゼリア	0.00	0
421	深淵の核	討伐証素材	421	深淵王アビスロード	0.00	0
422	古代核	討伐証素材	422	錬成炉守護者オルディオン	0.00	0
423	竜神の鱗	討伐証素材	423	竜王バハムート	0.00	0
424	時空結晶	討伐証素材	424	次元回廊の支配者クロノアーク	0.00	0
425	上質な海蝕コウモリの翼膜	通常素材	49	海蝕コウモリ	0.00	0
426	上質な海蝕ワームの外殻	通常素材	50	海蝕ワーム	0.00	0
427	上質な妖精粉	通常素材	87	若葉フェアリー	0.00	0
428	上質な妖精森ウルフの毛皮	通常素材	91	妖精森ウルフ	0.00	0
429	上質な妖精森ツリースピリットの自然片	通常素材	92	妖精森ツリースピリット	0.00	0
430	希少な妖精粉	通常素材	93	森フェアリー	0.00	0
431	上質な妖精森毒キノコの自然片	レア素材	94	妖精森毒キノコ	0.00	0
432	上質な妖精森守護獣の自然片	準レア素材	95	妖精森守護獣	0.00	0
433	上質な上層世界樹精の自然片	通常素材	109	上層世界樹精	0.00	0
434	上質な風妖精粉	通常素材	110	上層風妖精	0.00	0
435	上質な上層ハーピーの自然片	通常素材	111	上層ハーピー	0.00	0
436	上質な上層葉隠れ弓兵の徽章	レア素材	112	上層葉隠れ弓兵	0.00	0
437	上質な上層枝守護者の自然片	準レア素材	113	上層枝守護者	0.00	0
438	上質な精霊神殿兵の徽章	通常素材	115	精霊神殿兵	0.00	0
439	上質な精霊封印守の聖片	通常素材	116	精霊封印守	0.00	0
440	上質な精霊祭壇スライムの粘液	通常素材	117	精霊祭壇スライム	0.00	0
441	上質な精霊司祭の聖片	レア素材	118	精霊司祭	0.00	0
442	上質な精霊神殿主の聖片	準レア素材	119	精霊神殿主	0.00	0
443	上質な鉄鉱ゴーレムの鉱片	レア素材	130	鉄鉱ゴーレム	0.00	0
444	上質な機械兵の徽章	通常素材	151	機械兵	0.00	0
445	上質な機械ネズミの歯車	通常素材	152	機械ネズミ	0.00	0
446	上質な量産機械ゴーレムの鉱片	通常素材	153	量産機械ゴーレム	0.00	0
447	上質な機械歯車スライムの粘液	レア素材	154	機械歯車スライム	0.00	0
448	上質な機兵工場長の鉱片	準レア素材	155	機兵工場長	0.00	0
449	希少な氷結コウモリの翼膜	通常素材	181	氷結コウモリ	0.00	0
450	希少な氷結ワームの外殻	通常素材	182	氷結ワーム	0.00	0
451	希少な氷結ゴーレムの鉱片	通常素材	183	氷結ゴーレム	0.00	0
452	上質な氷結トカゲの欠片	レア素材	184	氷結トカゲ	0.00	0
453	上質な氷結洞窟主の欠片	準レア素材	185	氷結洞窟主	0.00	0
454	希少な氷封神殿兵の徽章	通常素材	193	氷封神殿兵	0.00	0
455	希少な氷封封印守の聖片	通常素材	194	氷封封印守	0.00	0
456	希少な氷封祭壇スライムの粘液	通常素材	195	氷封祭壇スライム	0.00	0
457	希少な氷封司祭の聖片	レア素材	196	氷封司祭	0.00	0
458	希少な氷封神殿主の聖片	準レア素材	197	氷封神殿主	0.00	0
459	上質な流砂スライムの粘液	通常素材	217	流砂スライム	0.00	0
460	上質な流砂サソリの外殻	通常素材	218	流砂サソリ	0.00	0
461	上質な流砂盗賊の徽章	通常素材	219	流砂盗賊	0.00	0
462	上質な流砂ミイラの欠片	レア素材	220	流砂ミイラ	0.00	0
463	上質な流砂魔獣の魔核	準レア素材	221	流砂魔獣	0.00	0
464	上質な砂遺跡兵の徽章	通常素材	223	砂遺跡兵	0.00	0
465	澄んだ砂嵐神殿兵の徽章	通常素材	235	砂嵐神殿兵	0.00	0
466	澄んだ砂嵐封印守の聖片	通常素材	236	砂嵐封印守	0.00	0
467	澄んだ砂嵐祭壇スライムの粘液	通常素材	237	砂嵐祭壇スライム	0.00	0
468	澄んだ砂嵐司祭の聖片	レア素材	238	砂嵐司祭	0.00	0
469	澄んだ砂嵐神殿主の聖片	準レア素材	239	砂嵐神殿主	0.00	0
470	神秘の太陽神殿兵の徽章	通常素材	247	太陽神殿兵	0.00	0
471	神秘の太陽封印守の聖片	通常素材	248	太陽封印守	0.00	0
472	神秘の太陽祭壇スライムの粘液	通常素材	249	太陽祭壇スライム	0.00	0
473	神秘の太陽司祭の聖片	レア素材	250	太陽司祭	0.00	0
474	神秘の太陽神殿主の聖片	通常素材	251	太陽神殿主	0.00	0
475	上質な浮遊ピクシーの聖片	通常素材	271	浮遊ピクシー	0.00	0
476	上質な浮遊庭園騎士の徽章	通常素材	272	浮遊庭園騎士	0.00	0
477	上質な浮遊光蝶の聖片	通常素材	273	浮遊光蝶	0.00	0
478	上質な浮遊星草スライムの粘液	レア素材	274	浮遊星草スライム	0.00	0
479	上質な浮遊庭園番人の欠片	準レア素材	275	浮遊庭園番人	0.00	0
480	上質な異界雷球の雷石	通常素材	283	異界雷球	0.00	0
481	上質な異界発電スライムの粘液	通常素材	284	異界発電スライム	0.00	0
482	上質な異界電磁兵の徽章	通常素材	285	異界電磁兵	0.00	0
483	上質な異界技師の亡霊の欠片	レア素材	286	異界技師の亡霊	0.00	0
484	上質な異界守護機の雷石	準レア素材	287	異界守護機	0.00	0
485	古びた魔神神殿兵の徽章	通常素材	313	魔神神殿兵	0.00	0
486	古びた魔神封印守の聖片	通常素材	314	魔神封印守	0.00	0
487	古びた魔神祭壇スライムの粘液	通常素材	315	魔神祭壇スライム	0.00	0
488	古びた魔神司祭の聖片	レア素材	316	魔神司祭	0.00	0
489	古びた魔神神殿主の聖片	準レア素材	317	魔神神殿主	0.00	0
490	上質な天空次元スライムの粘液	通常素材	343	天空次元スライム	0.00	0
491	上質な天空時空影の黒結晶	通常素材	344	天空時空影	0.00	0
492	上質な天空迷い人の亡霊の欠片	通常素材	345	天空迷い人の亡霊	0.00	0
493	上質な天空空間裂け目の欠片	レア素材	346	天空空間裂け目	0.00	0
494	上質な天空回廊主の欠片	準レア素材	347	天空回廊主	0.00	0
495	輝く雷鳴神殿兵の徽章	通常素材	349	雷鳴神殿兵	0.00	0
496	輝く雷鳴封印守の聖片	通常素材	350	雷鳴封印守	0.00	0
497	輝く雷鳴祭壇スライムの粘液	通常素材	351	雷鳴祭壇スライム	0.00	0
498	輝く雷鳴司祭の聖片	レア素材	352	雷鳴司祭	0.00	0
499	輝く雷鳴神殿主の聖片	準レア素材	353	雷鳴神殿主	0.00	0
500	希少な天空機兵の徽章	通常素材	355	天空機兵	0.00	0
501	上質な浮遊遺跡スライムの粘液	通常素材	356	浮遊遺跡スライム	0.00	0
502	上質な天空石像兵の徽章	通常素材	357	天空石像兵	0.00	0
503	上質な天空呪文壁の黒結晶	レア素材	358	天空呪文壁	0.00	0
504	上質な天空遺跡守護者の欠片	準レア素材	359	天空遺跡守護者	0.00	0
505	希少な天使ピクシーの聖片	通常素材	361	天使ピクシー	0.00	0
506	希少な天使庭園騎士の徽章	通常素材	362	天使庭園騎士	0.00	0
507	希少な天使光蝶の聖片	通常素材	363	天使光蝶	0.00	0
508	希少な天使星草スライムの粘液	レア素材	364	天使星草スライム	0.00	0
509	希少な天使庭園番人の欠片	準レア素材	365	天使庭園番人	0.00	0
510	上質な星辰星読みの亡霊の聖片	通常素材	367	星辰星読みの亡霊	0.00	0
511	上質な星辰塔術師の魔核	通常素材	368	星辰塔術師	0.00	0
512	上質な星辰星屑スライムの粘液	通常素材	369	星辰星屑スライム	0.00	0
513	上質な星辰天文ゴーレムの鉱片	レア素材	370	星辰天文ゴーレム	0.00	0
514	上質な星辰塔守護者の欠片	準レア素材	371	星辰塔守護者	0.00	0
515	希少な絶望次元スライムの粘液	通常素材	385	絶望次元スライム	0.00	0
516	希少な絶望時空影の黒結晶	通常素材	386	絶望時空影	0.00	0
517	希少な絶望迷い人の亡霊の欠片	通常素材	387	絶望迷い人の亡霊	0.00	0
518	希少な絶望空間裂け目の欠片	レア素材	388	絶望空間裂け目	0.00	0
519	希少な絶望回廊主の欠片	準レア素材	389	絶望回廊主	0.00	0
520	上質な終焉神殿騎士の徽章	通常素材	415	終焉神殿騎士	0.00	0
521	上質な終焉祭壇天使の羽根	通常素材	416	終焉祭壇天使	0.00	0
522	上質な終焉星守護者の聖片	通常素材	417	終焉星守護者	0.00	0
523	上質な終焉神官の聖片	レア素材	418	終焉神官	0.00	0
524	上質な終焉ヴォルトの雷石	通常素材	419	終焉ヴォルト	0.00	0
526	武器の欠片	common		None	0.00	0
527	武具の結晶	common		None	0.00	0
528	武具の核	common		None	0.00	0
529	古代武具片	common		None	0.00	0
530	星屑の鍛材	common		None	0.00	0
531	強化石の欠片	enhance		None	0.00	0
532	強化石	enhance		None	0.00	0
533	斬撃の欠片	category		None	0.00	0
534	斬撃の結晶	category		None	0.00	0
535	斬撃の核	category		None	0.00	0
536	刺突の欠片	category		None	0.00	0
537	刺突の結晶	category		None	0.00	0
538	刺突の核	category		None	0.00	0
539	打撃の欠片	category		None	0.00	0
540	打撃の結晶	category		None	0.00	0
541	打撃の核	category		None	0.00	0
542	射撃の欠片	category		None	0.00	0
543	射撃の結晶	category		None	0.00	0
544	射撃の核	category		None	0.00	0
545	魔導の欠片	category		None	0.00	0
546	魔導の結晶	category		None	0.00	0
547	魔導の核	category		None	0.00	0
548	都市素材	token		None	0.00	0
549	都市高位素材	token		None	0.00	0
550	裏ダンジョン素材	token		None	0.00	0
551	裏高位素材	token		None	0.00	0
552	秘境素材	token		None	0.00	0
553	伝説素材	token		None	0.00	0
554	王都の鉄片	city		None	0.00	0
555	王都の白銀片	city_high		None	0.00	0
556	潮風の貝殻	city		None	0.00	0
557	海竜の鱗片	city_high		None	0.00	0
558	精霊樹の葉	city		None	0.00	0
559	精霊樹の枝核	city_high		None	0.00	0
560	黒鉄鉱	city		None	0.00	0
561	炉心鉱	city_high		None	0.00	0
562	氷晶石	city		None	0.00	0
563	氷帝晶	city_high		None	0.00	0
564	砂金石	city		None	0.00	0
565	太陽砂晶	city_high		None	0.00	0
566	魔導結晶	city		None	0.00	0
567	大魔導結晶	city_high		None	0.00	0
568	瘴気の骨片	city		None	0.00	0
569	深魔骨	city_high		None	0.00	0
570	天空石	city		None	0.00	0
571	天空竜の羽核	city_high		None	0.00	0
572	魔王城の黒晶	city		None	0.00	0
573	魔王城の黒核	city_high		None	0.00	0
574	防具の欠片	common_armor		None	0.00	0
575	防具の結晶	common_armor		None	0.00	0
576	防具の核	common_armor		None	0.00	0
577	古代防具片	common_armor		None	0.00	0
578	星屑の縫材	common_armor		None	0.00	0
579	伝説の縫魂	legend		None	0.00	0
580	守護石の欠片	enhance		None	0.00	0
581	守護石	enhance		None	0.00	0
582	高純度守護石	enhance		None	0.00	0
583	軽装の欠片	light_material		None	0.00	0
584	軽装の結晶	light_material		None	0.00	0
585	軽装の核	light_material		None	0.00	0
586	重装の欠片	heavy_material		None	0.00	0
587	重装の結晶	heavy_material		None	0.00	0
588	重装の核	heavy_material		None	0.00	0
589	魔布の欠片	magic_cloth		None	0.00	0
590	魔布の結晶	magic_cloth		None	0.00	0
591	魔布の核	magic_cloth		None	0.00	0
592	聖布の欠片	holy_cloth		None	0.00	0
593	聖布の結晶	holy_cloth		None	0.00	0
594	聖布の核	holy_cloth		None	0.00	0
595	闘具の欠片	martial_material		None	0.00	0
596	闘具の結晶	martial_material		None	0.00	0
597	闘具の核	martial_material		None	0.00	0
598	王都の織布	city_material		None	0.00	0
599	王都の守護布	city_material		None	0.00	0
600	潮風の布片	city_material		None	0.00	0
601	海守りの織布	city_material		None	0.00	0
602	精霊樹の繊維	city_material		None	0.00	0
603	精霊王の絹糸	city_material		None	0.00	0
604	黒鉄の装甲片	city_material		None	0.00	0
605	炉心の耐熱布	city_material		None	0.00	0
606	氷晶の織糸	city_material		None	0.00	0
607	氷帝の守護布	city_material		None	0.00	0
608	砂金繊維	city_material		None	0.00	0
609	砂王の宝布	city_material		None	0.00	0
610	魔導繊維	city_material		None	0.00	0
611	大魔導の星布	city_material		None	0.00	0
612	瘴気の革片	city_material		None	0.00	0
613	深魔の黒布	city_material		None	0.00	0
614	天空の羽布	city_material		None	0.00	0
615	天空竜の織布	city_material		None	0.00	0
616	魔王城の黒布	city_material		None	0.00	0
617	魔王の黒装片	city_material		None	0.00	0
618	深淵の裂け目装甲片	back_dungeon		None	0.00	0
619	古代錬成炉の耐熱布	back_dungeon		None	0.00	0
620	竜王の聖域鱗布	back_dungeon		None	0.00	0
621	次元回廊の歪布	back_dungeon		None	0.00	0
622	裏高位装甲核	back_high		None	0.00	0
623	秘境の守護繊維	secret		None	0.00	0
624	都市素材（進化対象街）	abstract_city_material		None	0.00	0
625	都市高位素材（進化対象街）	abstract_city_material		None	0.00	0
626	裏ダンジョン素材（進化用）	abstract_back_material		None	0.00	0
627	裏高位素材（進化用）	abstract_back_material		None	0.00	0
628	武器の欠片	武器共通進化素材		None	0.00	0
629	武具の結晶	武器共通進化素材		None	0.00	0
630	武具の核	武器共通進化素材		None	0.00	0
631	古代武具片	武器共通進化素材		None	0.00	0
632	星屑の鍛材	武器共通進化素材		None	0.00	0
633	秘境の星砂	武器共通進化素材		None	0.00	0
634	伝説の武具紋章	武器共通進化素材		None	0.00	0
635	斬撃の欠片	武器カテゴリ素材		None	0.00	0
636	斬撃の結晶	武器カテゴリ素材		None	0.00	0
637	斬撃の核	武器カテゴリ素材		None	0.00	0
638	刺突の欠片	武器カテゴリ素材		None	0.00	0
639	刺突の結晶	武器カテゴリ素材		None	0.00	0
640	刺突の核	武器カテゴリ素材		None	0.00	0
641	打撃の欠片	武器カテゴリ素材		None	0.00	0
642	打撃の結晶	武器カテゴリ素材		None	0.00	0
643	打撃の核	武器カテゴリ素材		None	0.00	0
644	射撃の欠片	武器カテゴリ素材		None	0.00	0
645	射撃の結晶	武器カテゴリ素材		None	0.00	0
646	射撃の核	武器カテゴリ素材		None	0.00	0
647	魔導の欠片	武器カテゴリ素材		None	0.00	0
648	魔導の結晶	武器カテゴリ素材		None	0.00	0
649	魔導の核	武器カテゴリ素材		None	0.00	0
650	王都の鉄片	都市素材		None	0.00	0
651	潮風の貝殻	都市素材		None	0.00	0
652	精霊樹の葉	都市素材		None	0.00	0
653	黒鉄鉱	都市素材		None	0.00	0
654	氷晶石	都市素材		None	0.00	0
655	砂金石	都市素材		None	0.00	0
656	魔導結晶	都市素材		None	0.00	0
657	瘴気の骨片	都市素材		None	0.00	0
658	天空石	都市素材		None	0.00	0
659	魔王城の黒晶	都市素材		None	0.00	0
660	王紋鋼	都市高位素材		None	0.00	0
661	王都アークレアの進化証	進化解放キー		None	0.00	0
662	海鳴りの蒼鉱	都市高位素材		None	0.00	0
663	港町マリネスの進化証	進化解放キー		None	0.00	0
664	精霊樹の琥珀	都市高位素材		None	0.00	0
665	精霊都市エルフィアの進化証	進化解放キー		None	0.00	0
666	炉心鋼	都市高位素材		None	0.00	0
667	鉄鋼都市グランベルグの進化証	進化解放キー		None	0.00	0
668	氷帝晶	都市高位素材		None	0.00	0
669	雪都フロストリアの進化証	進化解放キー		None	0.00	0
670	砂王金晶	都市高位素材		None	0.00	0
671	砂都サンドラの進化証	進化解放キー		None	0.00	0
672	ルミナス魔晶	都市高位素材		None	0.00	0
673	魔導都市ルミナスの進化証	進化解放キー		None	0.00	0
674	深魔骨核	都市高位素材		None	0.00	0
675	魔界都市ネクロムの進化証	進化解放キー		None	0.00	0
676	セレスティア星晶	都市高位素材		None	0.00	0
677	天空都市セレスティアの進化証	進化解放キー		None	0.00	0
678	ヴァルゼリア黒核	都市高位素材		None	0.00	0
679	魔王城ヴァルゼリアの進化証	進化解放キー		None	0.00	0
680	装飾の欠片	accessory_evolution		None	0.00	0
681	装飾の結晶	accessory_evolution		None	0.00	0
682	装飾の核	accessory_evolution		None	0.00	0
683	古代装飾片	accessory_evolution		None	0.00	0
684	星屑の宝材	accessory_evolution		None	0.00	0
685	秘境素材の欠片	accessory_evolution		None	0.00	0
686	調律石の欠片	accessory_evolution		None	0.00	0
687	調律石	accessory_evolution		None	0.00	0
688	高純度調律石	accessory_evolution		None	0.00	0
689	腕力の欠片	accessory_evolution		None	0.00	0
690	腕力の結晶	accessory_evolution		None	0.00	0
691	腕力の核	accessory_evolution		None	0.00	0
692	守護の欠片	accessory_evolution		None	0.00	0
693	守護の結晶	accessory_evolution		None	0.00	0
694	守護の核	accessory_evolution		None	0.00	0
695	魔力の欠片	accessory_evolution		None	0.00	0
696	魔力の結晶	accessory_evolution		None	0.00	0
697	魔力の核	accessory_evolution		None	0.00	0
698	祈祷の欠片	accessory_evolution		None	0.00	0
699	祈祷の結晶	accessory_evolution		None	0.00	0
700	祈祷の核	accessory_evolution		None	0.00	0
701	疾風の欠片	accessory_evolution		None	0.00	0
702	疾風の結晶	accessory_evolution		None	0.00	0
703	疾風の核	accessory_evolution		None	0.00	0
704	幸運の欠片	accessory_evolution		None	0.00	0
705	幸運の結晶	accessory_evolution		None	0.00	0
706	幸運の核	accessory_evolution		None	0.00	0
707	生命の欠片	accessory_evolution		None	0.00	0
708	生命の結晶	accessory_evolution		None	0.00	0
709	生命の核	accessory_evolution		None	0.00	0
710	精神の欠片	accessory_evolution		None	0.00	0
711	精神の結晶	accessory_evolution		None	0.00	0
712	精神の核	accessory_evolution		None	0.00	0
713	均衡の欠片	accessory_evolution		None	0.00	0
714	均衡の結晶	accessory_evolution		None	0.00	0
715	均衡の核	accessory_evolution		None	0.00	0
716	冒険の欠片	accessory_evolution		None	0.00	0
717	冒険の結晶	accessory_evolution		None	0.00	0
718	冒険の核	accessory_evolution		None	0.00	0
